sid,name,area
sz002184,海得控制,上海
sh600618,氯碱化工,上海
sz002116,中国海诚,上海
sh600616,金枫酒业,上海
sh600958,东方证券,上海
sz300378,鼎捷软件,上海
sh600649,城投控股,上海
sz300245,天玑科技,上海
sh600818,中路股份,上海
sh600641,万业企业,上海
sh600841,上柴股份,上海
sh600097,开创国际,上海
sh600210,紫江企业,上海
sz002252,上海莱士,上海
sh600612,老凤祥,上海
sh600837,海通证券,上海
sz300462,华铭智能,上海
sh600637,东方明珠,上海
sh600009,上海机场,上海
sz300493,润欣科技,上海
sz300262,巴安水务,上海
sh600850,华东电脑,上海
sz300501,海顺新材,上海
sh600824,益民集团,上海
sz300327,中颖电子,上海
sh600816,安信信托,上海
sh600150,中国船舶,上海
sh600614,鼎立股份,上海
sh603729,龙韵股份,上海
sz002605,姚记扑克,上海
sh600741,华域汽车,上海
sh601328,交通银行,上海
sz300336,新文化,上海
sz300398,飞凯材料,上海
sh601788,光大证券,上海
sh600825,新华传媒,上海
sh600848,上海临港,上海
sh600843,上工申贝,上海
sz002269,美邦服饰,上海
sh600648,外高桥,上海
sh603020,爱普股份,上海
sh600104,上汽集团,上海
sh600822,上海物贸,上海
sz300380,安硕信息,上海
sz300230,永利股份,上海
sh600615,丰华股份,上海
sh600688,上海石化,上海
sh600654,中安消,上海
sh600653,申华控股,上海
sh600650,锦江投资,上海
sh600640,号百控股,上海
sh600636,三爱富,上海
sz300511,雪榕生物,上海
sz002028,思源电气,上海
sh600115,东方航空,上海
sz300236,上海新阳,上海
sz002058,"威 尔 泰",上海
sz300153,科泰电源,上海
sh600050,中国联通,上海
sh600651,飞乐音响,上海
sh600622,嘉宝集团,上海
sz300126,锐奇股份,上海
sh600619,海立股份,上海
sh600767,运盛医疗,上海
sz002454,松芝股份,上海
sz002401,中海科技,上海
sh600500,中化国际,上海
sh600662,强生控股,上海
sh600610,中毅达,上海
sz002561,徐家汇,上海
sh600838,上海九百,上海
sz002328,新朋股份,上海
sh600196,复星医药,上海
sh601872,招商轮船,上海
sh600834,申通地铁,上海
sz002278,神开股份,上海
sz000863,三湘股份,上海
sh600846,同济科技,上海
sh600081,东风科技,上海
sz002669,康达新材,上海
sh600680,上海普天,上海
sz002636,金安国纪,上海
sh600171,上海贝岭,上海
sh600676,交运股份,上海
sh601021,春秋航空,上海
sz300330,华虹计通,上海
sz002178,延华智能,上海
sh603012,创力集团,上海
sh600639,浦东金桥,上海
sz300226,上海钢联,上海
sz002706,良信电器,上海
sz300225,金力泰,上海
sz300180,华峰超纤,上海
sh600844,丹化科技,上海
sz300074,华平股份,上海
sz002158,汉钟精机,上海
sz002486,嘉麟杰,上海
sh600638,新黄浦,上海
sz300067,安诺其,上海
sz300061,康耐特,上海
sh600601,方正科技,上海
sh600655,豫园商城,上海
sh603108,润达医疗,上海
sh600661,新南洋,上海
sh603128,华贸物流,上海
sh600420,现代制药,上海
sh600895,张江高科,上海
sh600611,大众交通,上海
sh600836,界龙实业,上海
sh601607,上海医药,上海
sh600278,东方创业,上海
sh600748,上实发展,上海
sh600315,上海家化,上海
sh600088,中视传媒,上海
sh600679,上海凤凰,上海
sz300508,维宏股份,上海
sh601519,大智慧,上海
sh600604,市北高新,上海
sh600072,钢构工程,上海
sh600272,开开实业,上海
sh600517,置信电气,上海
sz002162,悦心健康,上海
sh601211,国泰君安,上海
sh601968,XD宝钢包,上海
sh600508,上海能源,上海
sh600624,复旦复华,上海
sz300017,网宿科技,上海
sh600692,亚通股份,上海
sz300008,上海佳豪,上海
sh600665,天地源,上海
sh600320,振华重工,上海
sh600026,中海发展,上海
sz300168,万达信息,上海
sh600851,海欣股份,上海
sz002506,协鑫集成,上海
sh600630,龙头股份,上海
sh600635,大众公用,上海
sh600628,新世界,上海
sz300286,安科瑞,上海
sh600647,同达创业,上海
sz000668,荣丰控股,上海
sz002568,百润股份,上海
sz002451,摩恩电气,上海
sh603030,全筑股份,上海
sh601231,环旭电子,上海
sh600835,上海机电,上海
sz300326,凯利泰,上海
sh600643,爱建集团,上海
sh601727,上海电气,上海
sh600696,匹凸匹,上海
sz300129,泰胜风能,上海
sz300483,沃施股份,上海
sh601866,中海集运,上海
sh600819,耀皮玻璃,上海
sh600652,游久游戏,上海
sh600597,光明乳业,上海
sh600119,长江投资,上海
sh600530,交大昂立,上海
sz300039,上海凯宝,上海
sh600845,宝信软件,上海
sz002324,普利特,上海
sh603022,新通联,上海
sz300272,开能环保,上海
sh600613,神奇制药,上海
sz002195,二三四五,上海
sh600629,华建集团,上海
sh600503,华丽家族,上海
sh600689,上海三毛,上海
sh603885,吉祥航空,上海
sh600021,上海电力,上海
sz002346,柘中股份,上海
sh600019,宝钢股份,上海
sz300253,卫宁健康,上海
sh600708,光明地产,上海
sh600490,鹏欣资源,上海
sh600073,上海梅林,上海
sh600000,浦发银行,上海
sh600620,天宸股份,上海
sh600605,汇通能源,上海
sz002022,科华生物,上海
sh600827,百联股份,上海
sh600094,大名城,上海
sh600623,华谊集团,上海
sh600826,兰生股份,上海
sh600151,航天机电,上海
sh603006,联明股份,上海
sh600820,隧道股份,上海
sh600193,创兴资源,上海
sz002565,上海绿新,上海
sh600626,申达股份,上海
sh603899,晨光文具,上海
sh601601,中国太保,上海
sh600833,第一医药,上海
sh600754,锦江股份,上海
sz300059,东方财富,上海
sh603918,金桥信息,上海
sh603868,飞科电器,上海
sh603009,北特科技,上海
sz300469,信息发展,上海
sh600642,申能股份,上海
sh600284,浦东建设,上海
sh600663,陆家嘴,上海
sh600061,国投安信,上海
sz300170,汉得信息,上海
sz300171,东富龙,上海
sh600634,中技控股,上海
sh603718,海利生物,上海
sh600602,仪电电子,上海
sh600170,上海建工,上海
sh600695,绿庭投资,上海
sh601616,广电电气,上海
sz300222,科大智能,上海
sz300442,普丽盛,上海
sh600606,绿地控股,上海
sh600621,华鑫股份,上海
sh600823,世茂股份,上海
sz002527,新时达,上海
sh600018,上港集团,上海
sh603003,龙宇燃油,上海
sz002059,云南旅游,云南
sh600792,云煤能源,云南
sz000667,美好集团,云南
sh600459,贵研铂业,云南
sz002265,西仪股份,云南
sh601099,太平洋,云南
sh600995,文山电力,云南
sz300142,沃森生物,云南
sz002750,龙津药业,云南
sh600422,昆药集团,云南
sz000948,南天信息,云南
sh600497,驰宏锌锗,云南
sz000878,云南铜业,云南
sz002053,云南盐化,云南
sz000903,云内动力,云南
sz000807,云铝股份,云南
sz002114,罗平锌电,云南
sz002033,丽江旅游,云南
sz000560,昆百大Ａ,云南
sz002200,云投生态,云南
sz000960,锡业股份,云南
sh600096,云天化,云南
sz002727,一心堂,云南
sh600883,博闻科技,云南
sz300505,川金诺,云南
sz000538,云南白药,云南
sz002428,云南锗业,云南
sh600239,云南城投,云南
sh600111,北方稀土,内蒙
sh601216,君正集团,内蒙
sh600277,亿利洁能,内蒙
sh600328,兰太实业,内蒙
sz000780,平庄能源,内蒙
sz300239,东宝生物,内蒙
sh600201,生物股份,内蒙
sh600967,北方创业,内蒙
sz000975,银泰资源,内蒙
sh600887,伊利股份,内蒙
sz000426,兴业矿业,内蒙
sz002688,金河生物,内蒙
sh600010,包钢股份,内蒙
sz300049,福瑞股份,内蒙
sh600191,华资实业,内蒙
sh600262,北方股份,内蒙
sz300355,蒙草抗旱,内蒙
sz000683,远兴能源,内蒙
sh600988,赤峰黄金,内蒙
sh600863,内蒙华电,内蒙
sh600291,西水股份,内蒙
sh600295,鄂尔多斯,内蒙
sz002128,露天煤业,内蒙
sz300034,钢研高纳,北京
sz300496,中科创达,北京
sz300036,超图软件,北京
sz300139,晓程科技,北京
sz000970,中科三环,北京
sh603598,引力传媒,北京
sz300072,三聚环保,北京
sh600299,安迪苏,北京
sh600015,华夏银行,北京
sz300318,博晖创新,北京
sz002662,京威股份,北京
sz000969,安泰科技,北京
sz300392,腾信股份,北京
sh600588,用友网络,北京
sz300364,中文在线,北京
sh600886,国投电力,北京
sz000605,渤海股份,北京
sz002755,东方新星,北京
sz002658,雪迪龙,北京
sh600900,长江电力,北京
sz002504,弘高创意,北京
sz002707,众信旅游,北京
sz000729,燕京啤酒,北京
sz000798,中水渔业,北京
sh603778,乾景园林,北京
sz300365,恒华科技,北京
sz300287,飞利信,北京
sh601628,中国人寿,北京
sh601117,中国化学,北京
sz300431,暴风科技,北京
sz000402,"金 融 街",北京
sz002371,七星电子,北京
sh601111,中国国航,北京
sh600560,金自天正,北京
sh600361,华联综超,北京
sz002153,石基信息,北京
sh601169,北京银行,北京
sh600764,中电广通,北京
sh601857,中国石油,北京
sz002271,东方雨虹,北京
sz300419,浩丰科技,北京
sz000916,华北高速,北京
sz300477,合纵科技,北京
sz000758,中色股份,北京
sz002368,太极股份,北京
sz300117,嘉寓股份,北京
sh600159,大龙地产,北京
sh601939,建设银行,北京
sz002279,久其软件,北京
sz300182,捷成股份,北京
sz000860,顺鑫农业,北京
sz000959,首钢股份,北京
sh601558,华锐风电,北京
sz300231,银信科技,北京
sh600435,北方导航,北京
sz002410,广联达,北京
sz002350,北京科锐,北京
sz300296,利亚德,北京
sz000065,北方国际,北京
sh600657,信达地产,北京
sz300003,乐普医疗,北京
sz300048,合康变频,北京
sz300016,北陆药业,北京
sz002665,首航节能,北京
sh601988,中国银行,北京
sz300344,太空板业,北京
sh600730,中国高科,北京
sz300200,高盟新材,北京
sz002467,二六三,北京
sh601998,中信银行,北京
sz002038,双鹭药业,北京
sh601766,中国中车,北京
sz300367,东方网力,北京
sh601669,中国电建,北京
sh600062,华润双鹤,北京
sz300073,当升科技,北京
sz000786,北新建材,北京
sz300156,神雾环保,北京
sh600429,三元股份,北京
sh600855,航天长峰,北京
sh600536,中国软件,北京
sz002383,合众思壮,北京
sz300312,邦讯技术,北京
sz002362,汉王科技,北京
sz002392,北京利尔,北京
sh600011,华能国际,北京
sz002657,中科金财,北京
sh600271,航天信息,北京
sh600270,外运发展,北京
sh601198,东兴证券,北京
sz300456,耐威科技,北京
sh601898,中煤能源,北京
sh600007,中国国贸,北京
sz000725,京东方Ａ,北京
sh600016,民生银行,北京
sh601818,光大银行,北京
sh601390,中国中铁,北京
sz300166,东方国信,北京
sh600138,中青旅,北京
sh601618,中国中冶,北京
sh601908,京运通,北京
sh600240,华业资本,北京
sh603025,大豪科技,北京
sh600405,动力源,北京
sh600058,五矿发展,北京
sh601088,中国神华,北京
sz000609,绵世股份,北京
sh600890,中房股份,北京
sh600372,中航电子,北京
sz300150,世纪瑞尔,北京
sh600008,DR首创股,北京
sh601226,华电重工,北京
sz000931,"中 关 村",北京
sh600658,电子城,北京
sz300070,碧水源,北京
sh601288,农业银行,北京
sh601126,四方股份,北京
sz000151,中成股份,北京
sh603818,曲美家居,北京
sz000666,经纬纺机,北京
sz002462,嘉事堂,北京
sz002721,金一文化,北京
sh600861,北京城乡,北京
sz300485,赛升药业,北京
sh600463,空港股份,北京
sz300315,掌趣科技,北京
sz002780,三夫户外,北京
sz002186,"全 聚 德",北京
sh600376,首开股份,北京
sh603588,高能环境,北京
sh600246,万通地产,北京
sh601718,际华集团,北京
sh601016,节能风电,北京
sz000603,盛达矿业,北京
sh600980,北矿磁材,北京
sz300445,康斯特,北京
sh601668,中国建筑,北京
sh601186,中国铁建,北京
sz300157,恒泰艾普,北京
sz300374,恒通科技,北京
sz002554,惠博普,北京
sz300223,北京君正,北京
sh600206,有研新材,北京
sz300406,九强生物,北京
sz000802,北京文化,北京
sz300444,双杰电气,北京
sz002713,东易日盛,北京
sz300079,数码视讯,北京
sh601985,中国核电,北京
sz002642,荣之联,北京
sh600118,中国卫星,北京
sh600085,同仁堂,北京
sh601600,中国铝业,北京
sh603616,韩建河山,北京
sh601991,大唐发电,北京
sz002771,真视通,北京
sh600871,石化油服,北京
sz300386,飞天诚信,北京
sz002385,大北农,北京
sz300289,利德曼,北京
sz300229,拓尔思,北京
sh600313,农发种业,北京
sh600037,歌华有线,北京
sh600410,华胜天成,北京
sh601398,工商银行,北京
sz300352,北信源,北京
sh601336,新华保险,北京
sh603698,航天工程,北京
sz300370,安控科技,北京
sz000882,华联股份,北京
sz300065,海兰信,北京
sh603377,东方时尚,北京
sh600511,国药股份,北京
sz002051,中工国际,北京
sh600266,北京城建,北京
sh600161,天坛生物,北京
sz000008,神州高铁,北京
sz300104,乐视网,北京
sz300449,汉邦高科,北京
sh600859,王府井,北京
sz300071,华谊嘉信,北京
sz300045,华力创通,北京
sz002599,盛通股份,北京
sz002066,瑞泰科技,北京
sz300038,梅泰诺,北京
sz300204,舒泰神,北京
sh603123,翠微股份,北京
sz002739,万达院线,北京
sh600056,中国医药,北京
sh603000,人民网,北京
sz000996,中国中期,北京
sh600578,京能电力,北京
sh600860,京城股份,北京
sz000046,泛海控股,北京
sh600100,同方股份,北京
sz300309,吉艾科技,北京
sz300383,光环新网,北京
sz300055,万邦达,北京
sz300332,天壕环境,北京
sz300075,数字政通,北京
sz300002,神州泰岳,北京
sz000838,财信发展,北京
sz002649,博彦科技,北京
sh603979,金诚信,北京
sz300282,汇冠股份,北京
sh601588,北辰实业,北京
sz300251,光线传媒,北京
sh600791,京能置业,北京
sz300379,东方通,北京
sz300324,旋极信息,北京
sz002701,奥瑞金,北京
sz002439,启明星辰,北京
sz002405,四维图新,北京
sz000620,新华联,北京
sz002373,千方科技,北京
sz300302,同有科技,北京
sh600166,福田汽车,北京
sz300430,诚益通,北京
sz000938,紫光股份,北京
sh601989,中国重工,北京
sz300011,鼎汉技术,北京
sz002306,中科云网,北京
sz300010,立思辰,北京
sz000839,中信国安,北京
sz002065,东华软件,北京
sh601886,江河集团,北京
sz300212,易华录,北京
sz300213,佳讯飞鸿,北京
sz300399,京天利,北京
sh600962,国投中鲁,北京
sz300455,康拓红外,北京
sz300291,华录百纳,北京
sz300271,华宇软件,北京
sh600386,北巴传媒,北京
sh600743,华远地产,北京
sh600258,首旅酒店,北京
sz002612,朗姿股份,北京
sz002738,中矿资源,北京
sh600723,首商股份,北京
sz300058,蓝色光标,北京
sz002573,清新环境,北京
sz002542,中化岩土,北京
sh600198,大唐电信,北京
sh601992,金隅股份,北京
sz300384,三联虹普,北京
sz002310,东方园林,北京
sz300465,高伟达,北京
sh601888,中国国旅,北京
sh600582,天地科技,北京
sh600195,中牧股份,北京
sz300005,探路者,北京
sh600055,华润万东,北京
sz300353,东土科技,北京
sh601800,中国交建,北京
sz300472,新元科技,北京
sh601101,昊华能源,北京
sz300191,潜能恒信,北京
sz002151,北斗星通,北京
sh600489,中金黄金,北京
sh600028,中国石化,北京
sh600485,信威集团,北京
sh600288,大恒科技,北京
sz002148,北纬通信,北京
sz300369,绿盟科技,北京
sz300418,昆仑万维,北京
sz002338,奥普光电,吉林
sz000718,苏宁环球,吉林
sz000766,通化金马,吉林
sz000875,吉电股份,吉林
sh600881,亚泰集团,吉林
sz000661,长春高新,吉林
sh601518,吉林高速,吉林
sz000420,吉林化纤,吉林
sz000545,金浦钛业,吉林
sz000030,富奥股份,吉林
sz000623,吉林敖东,吉林
sh600697,欧亚集团,吉林
sz300108,双龙股份,吉林
sz300510,金冠电气,吉林
sh600110,诺德股份,吉林
sh600215,长春经开,吉林
sh600867,通化东宝,吉林
sh600365,通葡股份,吉林
sz000546,金圆股份,吉林
sh601929,吉视传媒,吉林
sz002232,启明信息,吉林
sh600742,一汽富维,吉林
sh600148,长春一东,吉林
sh600360,华微电子,吉林
sz002622,永大集团,吉林
sz000631,顺发恒业,吉林
sz002501,利源精制,吉林
sz000669,金鸿能源,吉林
sh600333,长春燃气,吉林
sz000800,一汽轿车,吉林
sh603099,长白山,吉林
sz002566,益盛药业,吉林
sz000686,东北证券,吉林
sz000928,中钢国际,吉林
sz002118,紫鑫药业,吉林
sh600856,中天能源,吉林
sh600189,吉林森工,吉林
sz300396,迪瑞医疗,吉林
sz300440,运达科技,四川
sh600875,东方电气,四川
sz300470,日机密封,四川
sz000628,高新发展,四川
sz002773,康弘药业,四川
sh600880,博瑞传播,四川
sh600131,岷江水电,四川
sh600674,川投能源,四川
sz300425,环能科技,四川
sh603333,明星电缆,四川
sh600321,国栋建设,四川
sz000935,四川双马,四川
sh600733,S前锋,四川
sz002143,印纪传媒,四川
sh600378,天科股份,四川
sz000731,四川美丰,四川
sz300019,硅宝科技,四川
sz000710,天兴仪表,四川
sh600391,成发科技,四川
sh600109,国金证券,四川
sh600137,浪莎股份,四川
sh600839,四川长虹,四川
sz002422,科伦药业,四川
sz000810,创维数字,四川
sz300492,山鼎设计,四川
sz000835,长城动漫,四川
sh600644,乐山电力,四川
sz000510,金路集团,四川
sz300366,创意信息,四川
sh600466,蓝光发展,四川
sz002466,天齐锂业,四川
sz002312,三泰控股,四川
sz000858,"五 粮 液",四川
sz300463,迈克生物,四川
sz000790,华神集团,四川
sh601208,东材科技,四川
sz002630,华西能源,四川
sh600828,茂业商业,四川
sh600702,沱牌舍得,四川
sz300249,依米康,四川
sz002190,成飞集成,四川
sh600093,禾嘉股份,四川
sh600505,西昌电力,四川
sz300101,振芯科技,四川
sz300127,银河磁体,四川
sh600558,大西洋,四川
sh603077,和邦生物,四川
sz000598,兴蓉环境,四川
sz000509,华塑控股,四川
sz300502,新易盛,四川
sz000593,大通燃气,四川
sz002651,利君股份,四川
sz300092,科新机电,四川
sz002258,利尔化学,四川
sz000876,"新 希 望",四川
sz002259,升达林业,四川
sh603027,千禾味业,四川
sz002357,富临运业,四川
sz002749,国光股份,四川
sz300434,金石东方,四川
sh601107,四川成渝,四川
sz002386,天原集团,四川
sh600039,四川路桥,四川
sz300432,富临精工,四川
sz000586,汇源通信,四川
sz000801,四川九洲,四川
sz000803,金宇车城,四川
sz300362,天翔环境,四川
sz002366,台海核电,四川
sz002253,川大智胜,四川
sh600678,四川金顶,四川
sz300471,厚普股份,四川
sz300467,迅游科技,四川
sz002246,北化股份,四川
sh600979,广安爱众,四川
sz002697,红旗连锁,四川
sh600528,中铁二局,四川
sz002628,成都路桥,四川
sh600779,水井坊,四川
sz300414,中光防雷,四川
sz002023,海特高新,四川
sz002777,久远银海,四川
sz002480,新筑股份,四川
sz000912,泸天化,四川
sz002268,"卫 士 通",四川
sh600691,阳煤化工,四川
sh600139,西部资源,四川
sh600331,宏达股份,四川
sz000888,峨眉山Ａ,四川
sz300022,吉峰农机,四川
sz300028,金亚科技,四川
sz000568,泸州老窖,四川
sz002539,新都化工,四川
sh600804,鹏博士,四川
sh600353,旭光股份,四川
sz002272,川润股份,四川
sh600438,通威股份,四川
sz002497,雅化集团,四川
sz002629,仁智油服,四川
sh600101,明星电力,四川
sz000757,浩物股份,四川
sz000836,鑫茂科技,天津
sz002134,天津普林,天津
sz300026,红日药业,天津
sz002129,中环股份,天津
sh600645,中源协和,天津
sz300120,经纬电材,天津
sh600488,天药股份,天津
sh600874,创业环保,天津
sh600468,百利电气,天津
sh600158,中体产业,天津
sz002393,力生制药,天津
sh601808,中海油服,天津
sz300119,瑞普生物,天津
sz000927,一汽夏利,天津
sh600800,天津磁卡,天津
sz300375,鹏翎股份,天津
sh601919,中国远洋,天津
sh600335,国机汽车,天津
sz300407,凯发电气,天津
sz000965,天保基建,天津
sz002510,天汽模,天津
sz000537,广宇发展,天津
sz002337,赛象科技,天津
sh600082,海泰发展,天津
sh600329,中新药业,天津
sh600821,津劝业,天津
sz000695,滨海能源,天津
sh603019,中科曙光,天津
sz000897,津滨发展,天津
sh600583,海油工程,天津
sh600322,天房发展,天津
sz300334,津膜科技,天津
sh600535,天士力,天津
sz002432,九安医疗,天津
sh600717,天津港,天津
sh603126,中材节能,天津
sh603969,银龙股份,天津
sz000652,泰达股份,天津
sh600225,天津松江,天津
sz300195,长荣股份,天津
sh600787,中储股份,天津
sh600751,天海投资,天津
sz000815,美利纸业,宁夏
sz000982,中银绒业,宁夏
sz000557,银广夏,宁夏
sz000862,银星能源,宁夏
sh600165,新日恒力,宁夏
sh600449,宁夏建材,宁夏
sz002457,青龙管业,宁夏
sh600785,新华百货,宁夏
sz000635,"英 力 特",宁夏
sz000595,宝塔实业,宁夏
sh600146,商赢环球,宁夏
sz002556,辉隆股份,安徽
sz000596,古井贡酒,安徽
sz002208,合肥城建,安徽
sz000979,中弘股份,安徽
sz002230,科大讯飞,安徽
sz000521,美菱电器,安徽
sz300087,荃银高科,安徽
sh603198,迎驾贡酒,安徽
sz002136,"安 纳 达",安徽
sh600990,四创电子,安徽
sh600237,铜峰电子,安徽
sh600502,安徽水利,安徽
sz000850,华茂股份,安徽
sz300090,盛运环保,安徽
sz002538,司尔特,安徽
sh600496,精工钢构,安徽
sh600575,皖江物流,安徽
sz000868,安凯客车,安徽
sh600054,黄山旅游,安徽
sz000153,丰原药业,安徽
sz002690,美亚光电,安徽
sz002171,楚江新材,安徽
sz002042,华孚色纺,安徽
sz000630,铜陵有色,安徽
sz002607,亚夏汽车,安徽
sh600012,皖通高速,安徽
sz002557,洽洽食品,安徽
sh600552,凯盛科技,安徽
sz300009,安科生物,安徽
sh600551,时代出版,安徽
sh600418,江淮汽车,安徽
sh600761,安徽合力,安徽
sz000417,合肥百货,安徽
sz000859,国风塑业,安徽
sh600983,惠而浦,安徽
sh603599,广信股份,安徽
sz002597,金禾实业,安徽
sz002057,中钢天源,安徽
sz002014,永新股份,安徽
sh600971,恒源煤电,安徽
sh603199,九华旅游,安徽
sh600218,全柴动力,安徽
sz002331,皖通科技,安徽
sh603011,合锻智能,安徽
sz300088,长信科技,安徽
sz002541,鸿路钢构,安徽
sz002743,富煌钢构,安徽
sh600470,六国化工,安徽
sh600577,精达股份,安徽
sz300475,聚隆科技,安徽
sz000728,国元证券,安徽
sz000887,中鼎股份,安徽
sh600063,皖维高新,安徽
sz000543,皖能电力,安徽
sz300274,阳光电源,安徽
sz300247,乐金健康,安徽
sz002555,三七互娱,安徽
sh600255,鑫科材料,安徽
sh600318,新力金融,安徽
sh603589,口子窖,安徽
sh603308,应流股份,安徽
sh600444,国机通用,安徽
sz000619,海螺型材,安徽
sz000713,丰乐种业,安徽
sz002147,新光圆成,安徽
sh601801,皖新传媒,安徽
sz300452,山河药辅,安徽
sz300218,安利股份,安徽
sz002018,华信国际,安徽
sz002226,江南化工,安徽
sh600567,山鹰纸业,安徽
sh600985,雷鸣科化,安徽
sz002760,凤形股份,安徽
sz300388,国祯环保,安徽
sz000930,中粮生化,安徽
sz002352,鼎泰新材,安徽
sz002571,德力股份,安徽
sz002347,泰尔重工,安徽
sz002140,东华科技,安徽
sh600585,海螺水泥,安徽
sh600808,马钢股份,安徽
sz002361,神剑股份,安徽
sh600199,金种子酒,安徽
sz002298,中电鑫龙,安徽
sz000980,金马股份,安徽
sh600017,日照港,山东
sz300308,中际装备,山东
sh601058,赛轮金宇,山东
sz002545,东方铁塔,山东
sz300224,正海磁材,山东
sz300208,恒顺众昇,山东
sz300185,通裕重工,山东
sz300243,瑞丰高材,山东
sh600219,南山铝业,山东
sz002237,恒邦股份,山东
sz300233,金城医药,山东
sz002675,东诚药业,山东
sz000951,中国重汽,山东
sz000682,东方电子,山东
sz300110,华仁药业,山东
sz000880,潍柴重机,山东
sz002490,山东墨龙,山东
sz300443,金雷风电,山东
sz300423,鲁亿通,山东
sz002376,新北洋,山东
sh600579,天华院,山东
sz000811,烟台冰轮,山东
sz002374,丽鹏股份,山东
sz002248,华东数控,山东
sz002604,龙力生物,山东
sz300321,同大股份,山东
sh600076,康欣新材,山东
sh601678,滨化股份,山东
sz002254,泰和新材,山东
sh600777,新潮实业,山东
sh600735,新华锦,山东
sz300391,康跃科技,山东
sz300175,朗源股份,山东
sh600385,山东金泰,山东
sh603026,石大胜华,山东
sz002270,法因数控,山东
sh600350,山东高速,山东
sz000726,"鲁  泰Ａ",山东
sh600784,鲁银投资,山东
sz002581,未名医药,山东
sz002598,山东章鼓,山东
sz002073,软控股份,山东
sh600022,山东钢铁,山东
sz300099,尤洛卡,山东
sz002083,孚日股份,山东
sz002469,三维工程,山东
sh600986,科达股份,山东
sz002041,登海种业,山东
sz002242,九阳股份,山东
sz002726,龙大肉食,山东
sz300237,美晨科技,山东
sz300121,阳谷华泰,山东
sz000488,晨鸣纸业,山东
sh600426,华鲁恒升,山东
sz002485,希努尔,山东
sz002526,山东矿机,山东
sz300105,龙源技术,山东
sz002458,益生股份,山东
sz002353,杰瑞股份,山东
sz000506,中润资源,山东
sh600690,青岛海尔,山东
sz002111,威海广泰,山东
sz002026,山东威达,山东
sz300214,日科化学,山东
sh600532,宏达矿业,山东
sh600060,海信电器,山东
sh600882,华联矿业,山东
sz002094,青岛金王,山东
sz002086,东方海洋,山东
sz002107,沃华医药,山东
sz000639,西王食品,山东
sh600336,澳柯玛,山东
sz300183,东软载波,山东
sh600898,三联商社,山东
sh600467,好当家,山东
sz002193,山东如意,山东
sz000498,山东路桥,山东
sz300285,国瓷材料,山东
sz002234,民和股份,山东
sz002643,万润股份,山东
sz002589,瑞康医药,山东
sz002746,仙坛股份,山东
sh603167,渤海轮渡,山东
sh600223,鲁商置业,山东
sh600783,鲁信创投,山东
sz000957,中通客车,山东
sz002072,凯瑞德,山东
sz000554,泰山石油,山东
sh603798,康普顿,山东
sz002283,天润曲轴,山东
sz000869,"张  裕Ａ",山东
sh600587,新华医疗,山东
sz000599,青岛双星,山东
sz002481,双塔食品,山东
sz300001,特锐德,山东
sh600960,渤海活塞,山东
sz002355,兴民钢圈,山东
sh600789,鲁抗医药,山东
sz002521,齐峰新材,山东
sz000720,新能泰山,山东
sz002655,共达电声,山东
sh600586,金晶科技,山东
sz002408,齐翔腾达,山东
sz000830,鲁西化工,山东
sh600229,城市传媒,山东
sh600600,青岛啤酒,山东
sh600966,博汇纸业,山东
sz000407,胜利股份,山东
sz000409,山东地矿,山东
sz000416,民生控股,山东
sz002088,鲁阳节能,山东
sz000655,金岭矿业,山东
sz002241,歌尔声学,山东
sz000677,恒天海龙,山东
sz002671,龙泉股份,山东
sh600547,山东黄金,山东
sh600180,瑞茂通,山东
sz002330,得利斯,山东
sz000423,东阿阿胶,山东
sz000338,潍柴动力,山东
sh600188,兖州煤业,山东
sz000680,山推股份,山东
sh603021,山东华鹏,山东
sh603029,天鹅股份,山东
sh600756,浪潮软件,山东
sz300343,联创股份,山东
sz000915,山大华特,山东
sh600807,天业股份,山东
sz000822,山东海化,山东
sh600766,园城黄金,山东
sz002498,汉缆股份,山东
sz002382,蓝帆医疗,山东
sz002588,史丹利,山东
sz002768,国恩股份,山东
sh600308,华泰股份,山东
sz002078,太阳纸业,山东
sz000977,浪潮信息,山东
sh600727,鲁北化工,山东
sz002117,东港股份,山东
sh600448,华纺股份,山东
sh600529,山东药玻,山东
sz002595,豪迈科技,山东
sh600309,万华化学,山东
sz002580,圣阳股份,山东
sz002217,合力泰,山东
sz002470,金正大,山东
sz000756,新华制药,山东
sz002476,宝莫股份,山东
sz002363,隆基机械,山东
sh600027,华电国际,山东
sz300479,神思电子,山东
sh603223,恒通股份,山东
sz002286,保龄宝,山东
sh600858,银座股份,山东
sz002537,海立美达,山东
sz002339,积成电子,山东
sz002359,齐星铁塔,山东
sz000767,漳泽电力,山西
sz000795,英洛华,山西
sz000825,太钢不锈,山西
sh600495,晋西车轴,山西
sh601699,潞安环能,山西
sz002360,同德化工,山西
sh600539,狮头股份,山西
sz002500,山西证券,山西
sz300158,振东制药,山西
sz300254,仟源医药,山西
sh600348,阳泉煤业,山西
sh600157,永泰能源,山西
sz000755,山西三维,山西
sh600351,亚宝药业,山西
sh600617,国新能源,山西
sz000723,美锦能源,山西
sz000983,西山煤电,山西
sh600408,安泰集团,山西
sh600780,通宝能源,山西
sh600123,兰花科创,山西
sh600392,盛和资源,山西
sh600281,太化股份,山西
sz000673,当代东方,山西
sh600169,太原重工,山西
sz002753,永东股份,山西
sh600740,山西焦化,山西
sh600809,山西汾酒,山西
sz000737,南风化工,山西
sz300486,东杰智能,山西
sh601006,大秦铁路,山西
sh601001,大同煤业,山西
sz002640,跨境通,山西
sz002192,融捷股份,广东
sz002575,群兴玩具,广东
sz000636,风华高科,广东
sz000651,格力电器,广东
sz002492,恒基达鑫,广东
sz002311,海大集团,广东
sz000893,东凌国际,广东
sz002433,太安堂,广东
sz300458,全志科技,广东
sz000523,广州浪奇,广东
sz002579,中京电子,广东
sz000782,美达股份,广东
sz000776,广发证券,广东
sz300476,胜宏科技,广东
sz002503,搜于特,广东
sh600325,华发股份,广东
sz300030,阳普医疗,广东
sz002167,东方锆业,广东
sz300050,世纪鼎利,广东
sz002187,广百股份,广东
sh600143,金发科技,广东
sz300359,全通教育,广东
sh603398,邦宝益智,广东
sz002060,"粤 水 电",广东
sz002728,台城制药,广东
sz002461,珠江啤酒,广东
sz002291,星期六,广东
sz002670,华声股份,广东
sh600004,白云机场,广东
sh600428,中远航运,广东
sz300415,伊之密,广东
sh603002,宏昌电子,广东
sz300238,冠昊生物,广东
sz300177,中海达,广东
sz002141,蓉胜超微,广东
sh601238,广汽集团,广东
sz002387,黑牛食品,广东
sz002319,乐通股份,广东
sz002212,南洋股份,广东
sz002209,"达 意 隆",广东
sz300063,天龙集团,广东
sz002084,海鸥卫浴,广东
sz002101,广东鸿图,广东
sz002683,宏大爆破,广东
sz002249,大洋电机,广东
sh603328,依顿电子,广东
sz000823,超声电子,广东
sh603898,好莱客,广东
sh600323,瀚蓝环境,广东
sz002308,威创股份,广东
sz002705,新宝股份,广东
sz000987,广州友谊,广东
sz002063,远光软件,广东
sh600029,南方航空,广东
sh603861,白云电器,广东
sz300094,国联水产,广东
sz002345,潮宏基,广东
sz300004,南风股份,广东
sz000712,锦龙股份,广东
sz300147,香雪制药,广东
sz002668,奥马电器,广东
sh601900,南方传媒,广东
sz000976,春晖股份,广东
sz002776,柏堡龙,广东
sz002678,珠江钢琴,广东
sh600382,广东明珠,广东
sz002600,江粉磁材,广东
sz002732,燕塘乳业,广东
sh600098,广州发展,广东
sz002638,勤上光电,广东
sz002511,中顺洁柔,广东
sz002441,众业达,广东
sz002745,木林森,广东
sz002030,达安基因,广东
sz002495,佳隆股份,广东
sz300143,星河生物,广东
sz002054,德美化工,广东
sz000150,宜华健康,广东
sz002152,广电运通,广东
sz002584,西陇科学,广东
sz000529,广弘控股,广东
sz002717,岭南园林,广东
sz002400,省广股份,广东
sz002425,凯撒股份,广东
sz300499,高澜股份,广东
sz002792,通宇通讯,广东
sz300014,亿纬锂能,广东
sz002017,东信和平,广东
sz000507,珠海港,广东
sh600183,生益科技,广东
sz300089,文化长城,广东
sz300297,蓝盾股份,广东
sz002572,索菲亚,广东
sz000100,"TCL 集团",广东
sz000333,美的集团,广东
sz300498,温氏股份,广东
sz002027,分众传媒,广东
sz000524,岭南控股,广东
sz300417,南华仪器,广东
sz000541,佛山照明,广东
sh600894,广日股份,广东
sz000532,力合股份,广东
sz300340,科恒股份,广东
sh600868,梅雁吉祥,广东
sz002711,欧浦智网,广东
sh600332,白云山,广东
sz300098,高新兴,广东
sz300146,汤臣倍健,广东
sz300408,三环集团,广东
sz300328,宜安科技,广东
sz002709,天赐材料,广东
sz002292,奥飞娱乐,广东
sz002348,高乐股份,广东
sh603608,天创时尚,广东
sz002045,国光电器,广东
sz000685,中山公用,广东
sz002181,"粤 传 媒",广东
sh601515,东风股份,广东
sz300438,鹏辉能源,广东
sh600048,保利地产,广东
sz300460,惠伦晶体,广东
sh600684,珠江实业,广东
sz002616,长青集团,广东
sz300322,硕贝德,广东
sh600872,中炬高新,广东
sz000601,韶能股份,广东
sz002288,超华科技,广东
sh600589,广东榕泰,广东
sz002240,威华股份,广东
sh600673,东阳光科,广东
sz002431,棕榈股份,广东
sz000576,广东甘化,广东
sz000429,粤高速Ａ,广东
sz002465,海格通信,广东
sz300246,宝莱特,广东
sz300482,万孚生物,广东
sz300242,明家联合,广东
sz300155,安居宝,广东
sh600978,宜华木业,广东
sz002035,华帝股份,广东
sz300221,银禧科技,广东
sz300219,鸿利光电,广东
sh600728,佳都科技,广东
sz300149,量子高科,广东
sz000921,海信科龙,广东
sz002757,南兴装备,广东
sz002502,骅威文化,广东
sz002544,杰赛科技,广东
sz300176,鸿特精密,广东
sz002198,嘉应制药,广东
sh600499,科达洁能,广东
sz000502,绿景控股,广东
sz002791,坚朗五金,广东
sz002295,精艺股份,广东
sh600685,中船防务,广东
sz002076,"雪 莱 特",广东
sz000513,丽珠集团,广东
sh603288,海天味业,广东
sz300381,溢多利,广东
sz000861,海印股份,广东
sh600185,格力地产,广东
sh600083,博信股份,广东
sz000690,宝新能源,广东
sz000539,粤电力Ａ,广东
sz300464,星徽精密,广东
sz002676,顺威股份,广东
sz300281,金明精机,广东
sz300503,昊志机电,广东
sz300410,正业科技,广东
sh603936,博敏电子,广东
sz300404,博济医药,广东
sz300335,迪森股份,广东
sz000973,佛塑科技,广东
sz002543,万和电气,广东
sz300424,航新科技,广东
sh603309,维力医疗,广东
sz300173,智慧松德,广东
sz002260,德奥通航,广东
sz002317,众生药业,广东
sh603838,四通股份,广东
sz000573,粤宏远Ａ,广东
sz002031,巨轮智能,广东
sz000659,珠海中富,广东
sz002180,艾派克,广东
sz300409,道氏技术,广东
sz002759,天际股份,广东
sz002449,国星光电,广东
sz002741,光华科技,广东
sz002446,盛路通信,广东
sz002723,金莱特,广东
sh600518,康美药业,广东
sz300273,和佳股份,广东
sz000531,穗恒运Ａ,广东
sz000828,东莞控股,广东
sz002656,摩登大道,广东
sh600433,冠豪高新,广东
sh603268,松发股份,广东
sz002672,东江环保,广东
sz002663,普邦园林,广东
sz300083,劲胜精密,广东
sz002177,御银股份,广东
sz002611,东方精工,广东
sz002420,毅昌股份,广东
sz002169,智光电气,广东
sz000534,万泽股份,广东
sz002684,猛狮科技,广东
sz002762,金发拉比,广东
sz002715,登云股份,广东
sz002016,世荣兆业,广东
sz300093,金刚玻璃,广东
sz300310,宜通世纪,广东
sz002512,达华智能,广东
sz300376,易事特,广东
sz002005,德豪润达,广东
sh600242,中昌海运,广东
sz002666,德联集团,广东
sz300403,地尔汉宇,广东
sz002233,塔牌集团,广东
sz300053,欧比特,广东
sz300057,万顺股份,广东
sz300448,浩云科技,广东
sz300043,互动娱乐,广东
sz000637,茂化实华,广东
sz300311,任子行,广东
sh600393,粤泰股份,广东
sz000533,"万 家 乐",广东
sz300422,博世科,广西
sh603166,福达股份,广西
sh600538,国发股份,广西
sh600249,两面针,广西
sz000703,恒逸石化,广西
sz000662,天夏智慧,广西
sz002275,桂林三金,广西
sh603869,北部湾旅,广西
sz000750,国海证券,广西
sh600556,慧球科技,广西
sz000528,"柳    工",广西
sh601368,绿城水务,广西
sz002166,莱茵生物,广西
sh600368,五洲交通,广西
sz002696,百洋股份,广西
sh601996,丰林集团,广西
sh600236,桂冠电力,广西
sz002592,八菱科技,广西
sz000833,贵糖股份,广西
sz000716,黑芝麻,广西
sz000911,南宁糖业,广西
sz000953,河池化工,广西
sz000978,桂林旅游,广西
sz002329,皇氏集团,广西
sh600310,桂东电力,广西
sh600712,南宁百货,广西
sh600423,柳化股份,广西
sh601003,柳钢股份,广西
sz000806,银河生物,广西
sh600252,中恒集团,广西
sz000608,阳光股份,广西
sz000582,北部湾港,广西
sh603368,柳州医药,广西
sz002175,东方网络,广西
sz000877,天山股份,新疆
sh600506,香梨股份,新疆
sz002719,麦趣尔,新疆
sh600251,冠农股份,新疆
sh600545,新疆城建,新疆
sh600425,青松建化,新疆
sh601069,西部黄金,新疆
sh600337,美克家居,新疆
sh600540,新赛股份,新疆
sh600075,新疆天业,新疆
sh600084,中葡股份,新疆
sh600778,友好集团,新疆
sh603101,汇嘉时代,新疆
sz002207,准油股份,新疆
sz000813,天山纺织,新疆
sz002100,天康生物,新疆
sh600888,新疆众和,新疆
sh600509,天富能源,新疆
sh600256,广汇能源,新疆
sz002700,新疆浩源,新疆
sz000415,渤海金控,新疆
sh600419,天润乳业,新疆
sz000159,国际实业,新疆
sh600359,新农开发,新疆
sh600089,特变电工,新疆
sz002092,中泰化学,新疆
sz300159,新研股份,新疆
sh603227,雪峰科技,新疆
sz002202,金风科技,新疆
sh600737,中粮屯河,新疆
sz002524,光正集团,新疆
sh600090,啤酒花,新疆
sz002302,西部建设,新疆
sh600197,伊力特,新疆
sz300106,西部牧业,新疆
sz000166,申万宏源,新疆
sz002307,北新路桥,新疆
sz300313,天山生物,新疆
sz002205,国统股份,新疆
sz000972,中基健康,新疆
sh603519,DR立霸股,江苏
sz000421,南京中北,江苏
sz002201,九鼎新材,江苏
sh601218,吉鑫科技,江苏
sz300342,天银机电,江苏
sz002044,美年健康,江苏
sz002075,沙钢股份,江苏
sh600713,南京医药,江苏
sz002409,雅克科技,江苏
sh601009,南京银行,江苏
sh600862,中航高科,江苏
sz300346,南大光电,江苏
sz002262,恩华药业,江苏
sh600527,江南高纤,江苏
sh600276,恒瑞医药,江苏
sz000738,中航动控,江苏
sh600406,国电南瑞,江苏
sh603688,石英股份,江苏
sz002384,东山精密,江苏
sh600481,双良节能,江苏
sh600400,红豆股份,江苏
sz000418,小天鹅Ａ,江苏
sh600213,亚星客车,江苏
sh601890,亚星锚链,江苏
sh601388,怡球资源,江苏
sz002680,长生生物,江苏
sz002165,"红 宝 丽",江苏
sz002464,金利科技,江苏
sh600501,航天晨光,江苏
sz002514,宝馨科技,江苏
sz002631,德尔未来,江苏
sh600268,国电南自,江苏
sz002333,罗普斯金,江苏
sz300169,天晟新材,江苏
sz002413,雷科防务,江苏
sz002015,霞客环保,江苏
sz300394,天孚通信,江苏
sz300339,润和软件,江苏
sz002089,"新 海 宜",江苏
sz000581,威孚高科,江苏
sz300265,通光线缆,江苏
sz300284,苏交科,江苏
sz002380,科远股份,江苏
sz300292,吴通控股,江苏
sh601700,风范股份,江苏
sz300331,苏大维格,江苏
sz002024,苏宁云商,江苏
sz300261,雅本化学,江苏
sz300450,先导智能,江苏
sz300495,美尚生态,江苏
sz002127,南极电商,江苏
sz000681,视觉中国,江苏
sz002211,宏达新材,江苏
sh600775,南京熊猫,江苏
sh600557,康缘药业,江苏
sh600854,春兰股份,江苏
sz002547,春兴精工,江苏
sz002685,华东重机,江苏
sz002491,通鼎互联,江苏
sh603188,亚邦股份,江苏
sh601928,凤凰传媒,江苏
sh600128,弘业股份,江苏
sz300152,科融环境,江苏
sz002349,精华制药,江苏
sz000910,大亚科技,江苏
sz300172,中电环保,江苏
sz002309,中利科技,江苏
sz002483,润邦股份,江苏
sh600401,海润光伏,江苏
sh603988,中电电机,江苏
sh600736,苏州高新,江苏
sh600981,汇鸿集团,江苏
sh603800,道森股份,江苏
sh600122,宏图高科,江苏
sz002104,恒宝股份,江苏
sh601555,东吴证券,江苏
sh600377,宁沪高速,江苏
sz000961,中南建设,江苏
sz002471,中超控股,江苏
sh601010,文峰股份,江苏
sh600562,国睿科技,江苏
sh600770,综艺股份,江苏
sh600300,维维股份,江苏
sz000816,智慧农业,江苏
sz002564,天沃科技,江苏
sh601028,玉龙股份,江苏
sh603369,今世缘,江苏
sz300128,锦富新材,江苏
sz002221,东华能源,江苏
sh601599,鹿港科技,江苏
sz000425,徐工机械,江苏
sz000570,苏常柴Ａ,江苏
sh600475,华光股份,江苏
sh600358,国旅联合,江苏
sz002734,利民股份,江苏
sz002304,洋河股份,江苏
sh600305,恒顺醋业,江苏
sz002081,"金 螳 螂",江苏
sz002546,新联电子,江苏
sh600959,江苏有线,江苏
sh600282,南钢股份,江苏
sz300325,德威新材,江苏
sz002172,澳洋科技,江苏
sz300429,强力新材,江苏
sh600220,江苏阳光,江苏
sz002610,爱康科技,江苏
sh600794,保税科技,江苏
sz000518,四环生物,江苏
sz002708,光洋股份,江苏
sz002585,双星新材,江苏
sz300217,东方电热,江苏
sh600510,黑牡丹,江苏
sh603066,音飞储存,江苏
sz000626,如意集团,江苏
sh601799,星宇股份,江苏
sh600667,太极实业,江苏
sz002692,远程电缆,江苏
sz300356,光一科技,江苏
sh600533,栖霞建设,江苏
sz002367,康力电梯,江苏
sz002652,扬子新材,江苏
sz300279,和晶科技,江苏
sz002722,金轮股份,江苏
sh603828,柯利达,江苏
sz300260,新莱应材,江苏
sz002796,世嘉科技,江苏
sz002559,亚威股份,江苏
sz300295,三六五网,江苏
sh603017,中衡设计,江苏
sh600682,南京新百,江苏
sh601688,华泰证券,江苏
sh603528,多伦科技,江苏
sz002478,常宝股份,江苏
sz300215,电科院,江苏
sh600074,保千里,江苏
sh600064,南京高科,江苏
sz002645,华宏科技,江苏
sz002091,江苏国泰,江苏
sh601100,恒立液压,江苏
sh600078,澄星股份,江苏
sz002323,雅百特,江苏
sz002463,沪电股份,江苏
sz002659,中泰桥梁,江苏
sz300031,宝通科技,江苏
sz002274,华昌化工,江苏
sz000301,东方市场,江苏
sh600200,江苏吴中,江苏
sh603117,万林股份,江苏
sh603518,维格娜丝,江苏
sh600973,宝胜股份,江苏
sz300196,长海股份,江苏
sz002255,海陆重工,江苏
sz300447,全信股份,江苏
sz002394,联发股份,江苏
sz002071,长城影视,江苏
sz300211,亿通科技,江苏
sh600287,江苏舜天,江苏
sz002411,必康股份,江苏
sz002496,辉丰股份,江苏
sz300165,天瑞仪器,江苏
sh600280,中央商场,江苏
sh600250,南纺股份,江苏
sz002290,禾盛新材,江苏
sz002635,安洁科技,江苏
sz002455,百川股份,江苏
sz002293,罗莱生活,江苏
sz000890,"法 尔 胜",江苏
sz002002,鸿达兴业,江苏
sz002079,苏州固锝,江苏
sz300013,新宁物流,江苏
sz300029,天龙光电,江苏
sh603018,设计股份,江苏
sz002315,焦点科技,江苏
sh603366,日出东方,江苏
sh603355,莱克电气,江苏
sz300466,赛摩电气,江苏
sz300382,斯莱克,江苏
sz300393,中来股份,江苏
sz002245,澳洋顺昌,江苏
sz002156,通富微电,江苏
sz002553,南方轴承,江苏
sh600513,联环药业,江苏
sz300507,苏奥传感,江苏
sh600398,海澜之家,江苏
sz002426,胜利精密,江苏
sz300402,宝色股份,江苏
sz002080,中材科技,江苏
sh600805,悦达投资,江苏
sz300240,飞力达,江苏
sz002550,千红制药,江苏
sh600327,大东方,江苏
sz002453,天马精化,江苏
sh601199,江南水务,江苏
sz300135,宝利国际,江苏
sh601008,连云港,江苏
sz002040,"南 京 港",江苏
sz300390,天华超净,江苏
sz002531,天顺风能,江苏
sz300421,力星股份,江苏
sh600746,江苏索普,江苏
sz300420,五洋科技,江苏
sz002150,通润装备,江苏
sz002239,奥特佳,江苏
sh603158,腾龙股份,江苏
sz002576,通达动力,江苏
sz002516,旷达科技,江苏
sz000919,金陵药业,江苏
sz000936,华西股份,江苏
sh600370,DR三房巷,江苏
sz300416,苏试试验,江苏
sh600486,扬农化工,江苏
sz300509,新美星,江苏
sz300192,科斯伍德,江苏
sz002530,丰东股份,江苏
sz002435,长江润发,江苏
sz000777,中核科技,江苏
sh600889,南京化纤,江苏
sz000727,华东科技,江苏
sz300091,金通灵,江苏
sz002445,中南重工,江苏
sz002499,科林环保,江苏
sz002623,亚玛顿,江苏
sz300258,精锻科技,江苏
sh600970,中材国际,江苏
sh601007,金陵饭店,江苏
sz300160,秀强股份,江苏
sz000035,中国天楹,江苏
sz002450,康得新,江苏
sz002223,鱼跃医疗,江苏
sh603028,赛福天,江苏
sz300500,苏州设计,江苏
sh600522,中天科技,江苏
sh603699,纽威股份,江苏
sh600105,永鼎股份,江苏
sh600716,凤凰股份,江苏
sz300354,东华测试,江苏
sz300141,和顺电气,江苏
sh603005,晶方科技,江苏
sz300337,银邦股份,江苏
sz300209,天泽信息,江苏
sz002160,常铝股份,江苏
sz002438,江苏神通,江苏
sz300320,海达股份,江苏
sz300228,富瑞特装,江苏
sh601313,江南嘉捷,江苏
sz300373,扬杰科技,江苏
sz300385,雪浪环境,江苏
sz300305,裕兴股份,江苏
sh603111,DR康尼机,江苏
sh600099,林海股份,江苏
sz002747,埃斯顿,江苏
sh600487,亨通光电,江苏
sz000584,友利控股,江苏
sh603968,醋化股份,江苏
sz002074,国轩高科,江苏
sh601222,林洋能源,江苏
sz000700,模塑科技,江苏
sz300190,维尔利,江苏
sz000525,"红 太 阳",江苏
sz002391,长青股份,江苏
sz002395,双象股份,江苏
sh601155,新城控股,江苏
sz002540,亚太科技,江苏
sz002182,云海金属,江苏
sh603299,井神股份,江苏
sz002484,江海股份,江苏
sz002787,华源包装,江苏
sz002009,天奇股份,江苏
sz002090,金智科技,江苏
sh600584,长电科技,江苏
sz300201,海伦哲,江苏
sz002519,银河电子,江苏
sz002778,高科石化,江苏
sz300280,南通锻压,江苏
sz300304,云意电气,江苏
sz002077,大港股份,江苏
sh600389,江山股份,江苏
sz000551,创元科技,江苏
sz000829,天音控股,江西
sh600363,联创光电,江西
sz000899,赣能股份,江西
sh600782,新钢股份,江西
sh600228,昌九生化,江西
sh600590,泰豪科技,江西
sh600071,凤凰光学,江西
sh600507,方大特钢,江西
sz002591,恒大高新,江西
sz300497,富祥股份,江西
sz300066,三川智慧,江西
sz000789,万年青,江西
sz000550,江铃汽车,江西
sz002068,黑猫股份,江西
sz300453,三鑫医疗,江西
sz300095,华伍股份,江西
sz002176,江特电机,江西
sh600397,安源煤业,江西
sh600373,中文传媒,江西
sh600561,江西长运,江西
sh600269,赣粤高速,江西
sh600750,江中药业,江西
sz002378,章源钨业,江西
sz002695,煌上煌,江西
sz002748,世龙实业,江西
sh600362,江西铜业,江西
sz002460,赣锋锂业,江西
sh600053,九鼎投资,江西
sh600316,洪都航空,江西
sz002157,正邦科技,江西
sz000990,诚志股份,江西
sz000650,仁和药业,江西
sz000404,华意压缩,江西
sz300294,博雅生物,江西
sh600461,洪城水业,江西
sh600803,新奥股份,河北
sz002603,以岭药业,河北
sz002494,华斯股份,河北
sz002108,沧州明珠,河北
sh600480,凌云股份,河北
sh600812,华北制药,河北
sh600135,乐凯胶片,河北
sh600559,老白干酒,河北
sz300081,恒信移动,河北
sz300491,通合科技,河北
sz000687,华讯方舟,河北
sz000709,河钢股份,河北
sh600340,华夏幸福,河北
sz300371,汇中股份,河北
sz000401,冀东水泥,河北
sz300138,晨光生物,河北
sz002049,同方国芯,河北
sh601633,长城汽车,河北
sh600550,保变电气,河北
sh600965,福成股份,河北
sh600722,金牛化工,河北
sz000937,冀中能源,河北
sz002342,巨力索具,河北
sh600482,中国动力,河北
sh600997,开滦股份,河北
sz300368,汇金股份,河北
sz000413,东旭光电,河北
sz000958,东方能源,河北
sh600155,宝硕股份,河北
sz002459,天业通联,河北
sz002691,冀凯股份,河北
sz002146,荣盛发展,河北
sz000889,茂业通信,河北
sz000848,承德露露,河北
sh601000,唐山港,河北
sh601258,庞大集团,河北
sz300107,建新股份,河北
sz300255,常山药业,河北
sz300428,四通新材,河北
sz002282,博深工具,河北
sz002442,龙星化工,河北
sh600409,三友化工,河北
sz300137,先河环保,河北
sh600149,廊坊发展,河北
sz000600,建投能源,河北
sz000923,河北宣工,河北
sz000778,新兴铸管,河北
sz000158,常山股份,河北
sz300446,乐凯新材,河北
sz000895,双汇发展,河南
sh600403,大有能源,河南
sz002406,远东传动,河南
sz000719,大地传媒,河南
sh601608,中信重工,河南
sz002714,牧原股份,河南
sz002358,森源电气,河南
sz002560,通达股份,河南
sz002179,中航光电,河南
sh600781,辅仁药业,河南
sz002189,利达光电,河南
sh600020,中原高速,河南
sz300179,四方达,河南
sz002770,科迪乳业,河南
sh600439,瑞贝卡,河南
sh603566,普莱柯,河南
sh601677,明泰铝业,河南
sz300109,新开源,河南
sz002225,濮耐股份,河南
sz002536,西泵股份,河南
sz300064,豫金刚石,河南
sz002007,华兰生物,河南
sz002601,佰利联,河南
sz001896,豫能控股,河南
sz002535,林州重机,河南
sh600069,银鸽投资,河南
sh600186,莲花健康,河南
sh600207,安彩高科,河南
sz002407,多氟多,河南
sh601666,平煤股份,河南
sz300437,清水源,河南
sh603508,思维列控,河南
sh600569,安阳钢铁,河南
sh600172,黄河旋风,河南
sh600469,风神股份,河南
sz000676,智度投资,河南
sh600595,中孚实业,河南
sz002132,恒星科技,河南
sh600121,郑州煤电,河南
sz000885,同力水泥,河南
sh600312,平高电气,河南
sz002087,新野纺织,河南
sz000400,许继电气,河南
sz002046,轴研科技,河南
sh600876,洛阳玻璃,河南
sz002216,三全食品,河南
sz300259,新天科技,河南
sh600066,XD宇通客,河南
sz002582,好想你,河南
sz300007,汉威电子,河南
sh600531,豫光金铅,河南
sz300480,光力科技,河南
sh601038,一拖股份,河南
sz300248,新开普,河南
sh601717,郑煤机,河南
sz300481,濮阳惠成,河南
sz300080,易成新能,河南
sz002448,中原内配,河南
sz300263,隆华节能,河南
sh600810,神马股份,河南
sz002613,北玻股份,河南
sz002321,华英农业,河南
sh600753,东方银星,河南
sz000544,中原环保,河南
sh600222,太龙药业,河南
sz002477,雏鹰农牧,河南
sh603993,洛阳钼业,河南
sz000612,焦作万方,河南
sz002296,辉煌科技,河南
sz000949,新乡化纤,河南
sh600285,羚锐制药,河南
sz002370,亚太药业,浙江
sh603085,天成自控,浙江
sz002619,巨龙管业,浙江
sz002617,露笑科技,浙江
sz300283,温州宏丰,浙江
sh600366,宁波韵升,浙江
sz002563,森马服饰,浙江
sz000909,数源科技,浙江
sz002756,永兴特钢,浙江
sz002479,富春环保,浙江
sz002443,金洲管道,浙江
sz002326,永太科技,浙江
sh600130,波导股份,浙江
sz002569,步森股份,浙江
sz300032,金龙机电,浙江
sz300033,同花顺,浙江
sz002415,海康威视,浙江
sh600477,杭萧钢构,浙江
sz300078,思创医惠,浙江
sh603703,DR盛洋科,浙江
sz002115,三维通信,浙江
sz002712,思美传媒,浙江
sz002703,浙江世宝,浙江
sh600512,腾达建设,浙江
sz002284,亚太股份,浙江
sz002637,赞宇科技,浙江
sh603015,弘讯科技,浙江
sz002473,圣莱达,浙江
sh600884,杉杉股份,浙江
sz002103,广博股份,浙江
sh600857,宁波中百,浙江
sz300250,初灵信息,浙江
sz002686,亿利达,浙江
sz002203,海亮股份,浙江
sz300020,银江股份,浙江
sz002647,宏磊股份,浙江
sh603789,星光农机,浙江
sh600267,XD海正药,浙江
sz300478,杭州高新,浙江
sh603311,金海环境,浙江
sz002263,"大 东 南",浙江
sh601579,会稽山,浙江
sz002099,海翔药业,浙江
sz002779,中坚科技,浙江
sz000558,莱茵体育,浙江
sz002472,双环传动,浙江
sz300234,开尔新材,浙江
sz002250,联化科技,浙江
sz002120,新海股份,浙江
sz002112,三变科技,浙江
sh601113,华鼎股份,浙江
sz002372,伟星新材,浙江
sz002699,美盛文化,浙江
sz002758,华通医药,浙江
sz002012,凯恩股份,浙江
sz002522,浙江众成,浙江
sh603338,浙江鼎力,浙江
sh603788,宁波高发,浙江
sz000967,盈峰环境,浙江
sh600699,均胜电子,浙江
sz002427,尤夫股份,浙江
sz002164,宁波东力,浙江
sh603568,伟明环保,浙江
sz002133,广宇集团,浙江
sz300451,创业软件,浙江
sz002389,南洋科技,浙江
sz002586,围海股份,浙江
sz300027,华谊兄弟,浙江
sz002001,"新 和 成",浙江
sh600596,新安股份,浙江
sz300266,兴源环境,浙江
sh603520,司太立,浙江
sz002280,联络互动,浙江
sh600070,浙江富润,浙江
sz300307,慈星股份,浙江
sz002718,友邦吊顶,浙江
sz002641,永高股份,浙江
sh603901,永创智能,浙江
sh600175,美都能源,浙江
sz002602,世纪华通,浙江
sz300068,南都电源,浙江
sh603822,嘉澳环保,浙江
sz002515,金字火腿,浙江
sz300163,先锋新材,浙江
sz002625,龙生股份,浙江
sh600671,天目药业,浙江
sh600261,阳光照明,浙江
sz002793,东音股份,浙江
sz002532,新界泵业,浙江
sz300401,花园生物,浙江
sz002126,银轮股份,浙江
sz002677,浙江美大,浙江
sz002142,宁波银行,浙江
sh600576,万家文化,浙江
sh603889,新澳股份,浙江
sz300316,晶盛机电,浙江
sz300461,田中精机,浙江
sz002067,景兴纸业,浙江
sz300256,星星科技,浙江
sz002036,联创电子,浙江
sh603088,宁波精达,浙江
sh600330,天通股份,浙江
sz002624,完美环球,浙江
sz002122,天马股份,浙江
sh601233,桐昆股份,浙江
sh600571,信雅达,浙江
sz002570,贝因美,浙江
sh600763,通策医疗,浙江
sh600768,宁波富邦,浙江
sz002082,栋梁新材,浙江
sh603600,永艺股份,浙江
sz002508,老板电器,浙江
sh600176,中国巨石,浙江
sz002562,兄弟科技,浙江
sz002418,康盛股份,浙江
sz002019,亿帆鑫富,浙江
sz300306,远方光电,浙江
sz002468,艾迪西,浙江
sz002206,"海 利 得",浙江
sz000517,荣安地产,浙江
sz002006,精功科技,浙江
sh603611,诺力股份,浙江
sh600216,浙江医药,浙江
sh600460,士兰微,浙江
sh603996,中新科技,浙江
sh600160,巨化股份,浙江
sh601137,博威合金,浙江
sz300145,中金环境,浙江
sz000739,普洛药业,浙江
sh603300,华铁科技,浙江
sh600790,轻纺城,浙江
sh601567,三星医疗,浙江
sh600173,卧龙地产,浙江
sz300411,金盾股份,浙江
sz300300,汉鼎股份,浙江
sz002095,"生 意 宝",浙江
sh600987,航民股份,浙江
sz000963,华东医药,浙江
sz002032,"苏 泊 尔",浙江
sz002050,三花股份,浙江
sh603116,红蜻蜓,浙江
sz300118,东方日升,浙江
sz002085,万丰奥威,浙江
sz002634,棒杰股份,浙江
sh600232,金鹰股份,浙江
sh600668,尖峰集团,浙江
sz002615,哈尔斯,浙江
sz300113,顺网科技,浙江
sh600114,东睦股份,浙江
sz002010,传化股份,浙江
sh603010,万盛股份,浙江
sz300025,华星创业,浙江
sh603222,济民制药,浙江
sz002440,闰土股份,浙江
sz300426,唐德影视,浙江
sh600226,升华拜克,浙江
sz300441,鲍斯股份,浙江
sz002224,"三 力 士",浙江
sz002489,浙江永强,浙江
sz002034,"美 欣 达",浙江
sz000925,众合科技,浙江
sz002273,水晶光电,浙江
sz002064,华峰氨纶,浙江
sh600537,亿晶光电,浙江
sz000156,华数传媒,浙江
sh603456,九洲药业,浙江
sz002343,慈文传媒,浙江
sz002276,万马股份,浙江
sz002003,伟星股份,浙江
sh601877,正泰电器,浙江
sh600120,浙江东方,浙江
sh600113,浙江东日,浙江
sz002633,申科股份,浙江
sz300076,GQY视讯,浙江
sz300144,宋城演艺,浙江
sz300488,恒锋工具,浙江
sz300069,金利华电,浙江
sh603726,朗迪集团,浙江
sh600152,维科精华,浙江
sz300459,浙江金科,浙江
sz300435,中泰股份,浙江
sh600283,钱江水利,浙江
sz300329,海伦钢琴,浙江
sz002322,理工环科,浙江
sh601789,宁波建工,浙江
sz002687,乔治白,浙江
sz002767,先锋电子,浙江
sh600683,京投银泰,浙江
sz002021,中捷资源,浙江
sh600051,宁波联合,浙江
sz000607,华媒控股,浙江
sh600352,浙江龙盛,浙江
sz002574,明牌珠宝,浙江
sh600526,菲达环保,浙江
sz002795,永和智控,浙江
sz002318,久立特材,浙江
sh600521,华海药业,浙江
sz002664,信质电机,浙江
sh601177,杭齿前进,浙江
sh603997,继峰股份,浙江
sh600059,古越龙山,浙江
sz300257,开山股份,浙江
sh600273,嘉化能源,浙江
sz002062,宏润建设,浙江
sh600830,香溢融通,浙江
sz002364,中恒电气,浙江
sh600077,宋都股份,浙江
sh603806,福斯特,浙江
sz002434,万里扬,浙江
sz300203,聚光科技,浙江
sz300412,迦南科技,浙江
sh603799,华友钴业,浙江
sz002043,"兔 宝 宝",浙江
sh600177,雅戈尔,浙江
sh601116,三江购物,浙江
sz002144,宏达高科,浙江
sh600415,小商品城,浙江
sz002214,大立科技,浙江
sz002488,金固股份,浙江
sz002196,方正电机,浙江
sh600572,康恩贝,浙江
sz002725,跃岭股份,浙江
sh603558,健盛集团,浙江
sh600633,浙报传媒,浙江
sz002632,道明光学,浙江
sz002444,巨星科技,浙江
sz002381,双箭股份,浙江
sh603168,莎普爱思,浙江
sz300111,向日葵,浙江
sz002236,大华股份,浙江
sh600724,宁波富达,浙江
sh600776,东方通信,浙江
sz300347,泰格医药,浙江
sz002131,利欧股份,浙江
sz002493,荣盛石化,浙江
sz002247,帝龙新材,浙江
sh603618,杭电股份,浙江
sz002552,宝鼎科技,浙江
sh600126,杭钢股份,浙江
sh600491,龙元建设,浙江
sz000559,万向钱潮,浙江
sz300360,炬华科技,浙江
sz002124,天邦股份,浙江
sh600052,浙江广厦,浙江
sh600290,华仪电气,浙江
sh600208,新湖中宝,浙江
sz002154,"报 喜 鸟",浙江
sh600798,宁波海运,浙江
sz002730,电光科技,浙江
sz000705,浙江震元,浙江
sh601018,宁波港,浙江
sz002520,日发精机,浙江
sz300314,戴维医疗,浙江
sz300181,佐力药业,浙江
sz002404,嘉欣丝绸,浙江
sh603001,奥康国际,浙江
sh600387,海越股份,浙江
sz002534,杭锅股份,浙江
sh600982,宁波热电,浙江
sh601002,晋亿实业,浙江
sz002056,横店东磁,浙江
sz002590,万安科技,浙江
sz002375,亚厦股份,浙江
sh600814,杭州解百,浙江
sh600580,卧龙电气,浙江
sh603701,德宏股份,浙江
sh600865,百大集团,浙江
sz002135,东南网架,浙江
sz300439,美康生物,浙江
sz002020,京新药业,浙江
sh603606,东方电缆,浙江
sz300351,永贵电器,浙江
sh600704,物产中大,浙江
sz300357,我武生物,浙江
sz002266,浙富控股,浙江
sz000918,嘉凯城,浙江
sz002648,卫星石化,浙江
sh600235,民丰特纸,浙江
sh600023,浙能电力,浙江
sz002344,海宁皮城,浙江
sz002403,爱仕达,浙江
sz002119,康强电子,浙江
sh600797,浙大网新,浙江
sh600570,恒生电子,浙江
sh601339,百隆东方,浙江
sh600677,航天通信,浙江
sh601689,拓普集团,浙江
sz300349,金卡股份,浙江
sz300270,中威电子,浙江
sz300100,双林股份,浙江
sz002244,滨江集团,浙江
sz002011,盾安环境,浙江
sz300133,华策影视,浙江
sh600796,钱江生化,浙江
sz000411,英特集团,浙江
sz002188,巴士在线,浙江
sz002430,杭氧股份,浙江
sz002048,宁波华翔,浙江
sz002332,仙琚制药,浙江
sz300244,迪安诊断,浙江
sh603008,喜临门,浙江
sz300086,康芝药业,海南
sz000567,海德股份,海南
sh600896,中海海盛,海南
sh600259,广晟有色,海南
sz000503,海虹控股,海南
sz000571,新大洲Ａ,海南
sz000793,华闻传媒,海南
sz000613,大东海A,海南
sz002693,双成药业,海南
sz000572,海马汽车,海南
sz000955,欣龙控股,海南
sz300189,神农基因,海南
sh600238,海南椰岛,海南
sh600209,罗顿发展,海南
sz000566,海南海药,海南
sh601118,海南橡胶,海南
sz000735,"罗 牛 山",海南
sh600555,海航创新,海南
sh601969,海南矿业,海南
sh600515,海航基础,海南
sh600759,洲际油气,海南
sz000657,中钨高新,海南
sz000886,海南高速,海南
sh600221,海南航空,海南
sz002320,海峡股份,海南
sz002596,海南瑞泽,海南
sz002055,得润电子,深圳
sz000034,神州数码,深圳
sz300206,理邦仪器,深圳
sz300468,四方精创,深圳
sz002351,漫步者,深圳
sz000050,深天马Ａ,深圳
sz300264,佳创视讯,深圳
sz300227,光韵达,深圳
sz002763,汇洁股份,深圳
sz300154,瑞凌股份,深圳
sz000012,"南  玻Ａ",深圳
sz002218,拓日新能,深圳
sz002215,"诺 普 信",深圳
sz002436,兴森科技,深圳
sz002740,爱迪尔,深圳
sz000040,宝安地产,深圳
sz002256,彩虹精化,深圳
sz300377,赢时胜,深圳
sz300241,瑞丰光电,深圳
sh601139,深圳燃气,深圳
sh600462,石岘纸业,深圳
sh600446,金证股份,深圳
sz000055,方大集团,深圳
sz002334,英威腾,深圳
sz002106,莱宝高科,深圳
sz002456,欧菲光,深圳
sz002775,文科园林,深圳
sz002594,比亚迪,深圳
sh603808,歌力思,深圳
sz300350,华鹏飞,深圳
sz002583,海能达,深圳
sh601318,中国平安,深圳
sz002388,新亚制程,深圳
sz000001,平安银行,深圳
sz300389,艾比森,深圳
sz002327,富安娜,深圳
sz000020,深华发Ａ,深圳
sz002191,劲嘉股份,深圳
sz002121,科陆电子,深圳
sz002786,银宝山新,深圳
sz002416,爱施德,深圳
sz300348,长亮科技,深圳
sh600162,香江控股,深圳
sz000056,皇庭国际,深圳
sz002313,日海通讯,深圳
sz002238,天威视讯,深圳
sz002316,键桥通讯,深圳
sz002341,新纶科技,深圳
sz002161,"远 望 谷",深圳
sz000016,深康佳Ａ,深圳
sh600548,深高速,深圳
sz002047,宝鹰股份,深圳
sz002577,雷柏科技,深圳
sz300319,麦捷科技,深圳
sz002285,世联行,深圳
sz002402,和而泰,深圳
sz000058,"深 赛 格",深圳
sz002735,王子新材,深圳
sz002139,拓邦股份,深圳
sz000010,美丽生态,深圳
sz002183,"怡 亚 通",深圳
sz300044,赛为智能,深圳
sh600525,长园集团,深圳
sz000005,世纪星源,深圳
sz000009,中国宝安,深圳
sz000028,国药一致,深圳
sz002766,索菱股份,深圳
sz002654,万润科技,深圳
sz000022,深赤湾Ａ,深圳
sz002618,丹邦科技,深圳
sz300252,金信诺,深圳
sz000089,深圳机场,深圳
sh600999,招商证券,深圳
sz002303,美盈森,深圳
sz002429,兆驰股份,深圳
sz000042,中洲控股,深圳
sz300012,华测检测,深圳
sz300085,银之杰,深圳
sz300042,朗科科技,深圳
sz002781,奇信股份,深圳
sz002314,南山控股,深圳
sz002105,信隆实业,深圳
sz002587,奥拓电子,深圳
sz300134,大富科技,深圳
sz300301,长方集团,深圳
sz002170,芭田股份,深圳
sz300333,兆日科技,深圳
sh600383,金地集团,深圳
sz000026,飞亚达Ａ,深圳
sz002528,英飞拓,深圳
sz002797,第一创业,深圳
sz000045,深纺织Ａ,深圳
sz000032,深桑达Ａ,深圳
sz002736,国信证券,深圳
sz002518,科士达,深圳
sz002399,海普瑞,深圳
sz300400,劲拓股份,深圳
sz002052,同洲电子,深圳
sz000070,特发信息,深圳
sz000068,华控赛格,深圳
sz000048,康达尔,深圳
sz000078,海王生物,深圳
sz000039,中集集团,深圳
sz000031,中粮地产,深圳
sz300232,洲明科技,深圳
sz000011,深物业A,深圳
sz000023,深天地Ａ,深圳
sz002482,广田股份,深圳
sz300193,佳士科技,深圳
sz000063,中兴通讯,深圳
sz002137,麦达数字,深圳
sz300235,方直科技,深圳
sz002551,尚荣医疗,深圳
sh600036,招商银行,深圳
sz002210,飞马国际,深圳
sz300130,新国都,深圳
sz002168,深圳惠程,深圳
sz300124,汇川技术,深圳
sz300484,蓝海华腾,深圳
sz300136,信维通信,深圳
sz300457,赢合科技,深圳
sz300112,万讯自控,深圳
sh601333,广深铁路,深圳
sz300207,欣旺达,深圳
sz300506,名家汇,深圳
sz000066,长城电脑,深圳
sz000062,深圳华强,深圳
sz300303,聚飞光电,深圳
sh600030,中信证券,深圳
sz300162,雷曼股份,深圳
sz002660,茂硕电源,深圳
sz000555,神州信息,深圳
sz000017,深中华A,深圳
sz000006,深振业Ａ,深圳
sz000999,华润三九,深圳
sz002301,齐心集团,深圳
sz002681,奋达科技,深圳
sz300317,珈伟股份,深圳
sz002620,瑞和股份,深圳
sz000043,中航地产,深圳
sz000099,中信海直,深圳
sz002733,雄韬股份,深圳
sz002356,浩宁达,深圳
sz300277,海联讯,深圳
sz000029,深深房Ａ,深圳
sz002609,捷顺科技,深圳
sz000038,深大通,深圳
sz002243,通产丽星,深圳
sz002138,顺络电子,深圳
sz002475,立讯精密,深圳
sz000025,"特  力Ａ",深圳
sz002197,证通电子,深圳
sz002163,中航三鑫,深圳
sz000088,"盐 田 港",深圳
sz000060,中金岭南,深圳
sz002213,"特 尔 佳",深圳
sz000049,德赛电池,深圳
sh600892,宝诚股份,深圳
sz300151,昌红科技,深圳
sz002227,"奥 特 迅",深圳
sz002789,建艺集团,深圳
sz000069,华侨城Ａ,深圳
sz300077,国民技术,深圳
sz002340,格林美,深圳
sz002751,易尚展示,深圳
sz300037,新宙邦,深圳
sz000027,深圳能源,深圳
sz002130,沃尔核材,深圳
sz002419,天虹商场,深圳
sz001979,招商蛇口,深圳
sz000090,天健集团,深圳
sz002421,达实智能,深圳
sh600380,健康元,深圳
sz300197,铁汉生态,深圳
sz002325,洪涛股份,深圳
sz002369,卓翼科技,深圳
sz300131,英唐智控,深圳
sz300199,翰宇药业,深圳
sz002724,海洋王,深圳
sz000019,深深宝Ａ,深圳
sz300178,腾邦国际,深圳
sz000018,神州长城,深圳
sz002008,大族激光,深圳
sz300115,长盈精密,深圳
sz000002,"万  科Ａ",深圳
sh603118,共进股份,深圳
sz002782,可立克,深圳
sz000004,国农科技,深圳
sz002769,普路通,深圳
sz300052,中青宝,深圳
sz300167,迪威视讯,深圳
sz000021,深科技,深圳
sz300269,联建光电,深圳
sz002548,金新农,深圳
sz300047,天源迪科,深圳
sz000061,"农 产 品",深圳
sz000007,全新好,深圳
sz000096,广聚能源,深圳
sz000014,沙河股份,深圳
sz000036,华联控股,深圳
sz002294,信立泰,深圳
sz000783,长江证券,湖北
sh600141,兴发集团,湖北
sz000707,双环科技,湖北
sh600133,东湖高新,湖北
sh600168,武汉控股,湖北
sh600068,葛洲坝,湖北
sz000665,湖北广电,湖北
sz000615,湖北金环,湖北
sz002414,高德红外,湖北
sz300184,力源信息,湖北
sz002627,宜昌交运,湖北
sz002365,永安药业,湖北
sz000926,福星股份,湖北
sz000939,凯迪生态,湖北
sh600345,长江通信,湖北
sz002377,国创高新,湖北
sz000422,湖北宜化,湖北
sz000501,鄂武商Ａ,湖北
sz300220,金运激光,湖北
sh600107,美尔雅,湖北
sh600184,光电股份,湖北
sz300323,华灿光电,湖北
sz000988,华工科技,湖北
sz002281,光迅科技,湖北
sh600769,祥龙电业,湖北
sz002783,凯龙股份,湖北
sh600136,道博股份,湖北
sz300278,华昌达,湖北
sh600079,人福医药,湖北
sh600275,武昌鱼,湖北
sz000678,襄阳轴承,湖北
sh600260,凯乐科技,湖北
sz300395,菲利华,湖北
sh600498,烽火通信,湖北
sh600879,航天电子,湖北
sh600774,汉商集团,湖北
sh600801,华新水泥,湖北
sh600006,东风汽车,湖北
sh600035,楚天高速,湖北
sh600681,百川能源,湖北
sz300494,盛天网络,湖北
sz002013,中航机电,湖北
sh600745,中茵股份,湖北
sz000553,沙隆达Ａ,湖北
sz000826,启迪桑德,湖北
sh600566,济川药业,湖北
sz000627,天茂集团,湖北
sz000952,广济药业,湖北
sz002694,顾地科技,湖北
sz300046,台基股份,湖北
sh600421,仰帆控股,湖北
sh600998,九州通,湖北
sz300387,富邦股份,湖北
sh600703,三安光电,湖北
sh600885,宏发股份,湖北
sz000883,湖北能源,湖北
sh600086,东方金钰,湖北
sh600993,马应龙,湖北
sz300205,天喻信息,湖北
sz000759,中百集团,湖北
sz000520,长航凤凰,湖北
sz002159,三特索道,湖北
sz300276,三丰智能,湖北
sh600568,中珠控股,湖北
sz300018,中元华电,湖北
sh600005,武钢股份,湖北
sz300041,回天新材,湖北
sz000760,斯太尔,湖北
sz000821,京山轻机,湖北
sz000708,大冶特钢,湖北
sz002194,武汉凡谷,湖北
sh600976,健民集团,湖北
sz000902,新洋丰,湖北
sz000966,长源电力,湖北
sz300161,华中数控,湖北
sh601311,骆驼股份,湖北
sh600298,安琪酵母,湖北
sh600757,长江传媒,湖北
sh600293,三峡新材,湖北
sz002305,南国置业,湖北
sz000785,武汉中商,湖北
sz300054,鼎龙股份,湖北
sz000852,石化机械,湖北
sz000971,高升控股,湖北
sh600355,精伦电子,湖北
sz000799,酒鬼酒,湖南
sz002567,唐人神,湖南
sh601098,中南传媒,湖南
sz002412,汉森制药,湖南
sz300035,中科电气,湖南
sz002261,拓维信息,湖南
sz002523,天桥起重,湖南
sh601636,旗滨集团,湖南
sz000157,中联重科,湖南
sz300268,万福生科,湖南
sz300433,蓝思科技,湖南
sz300187,永清环保,湖南
sh600731,湖南海利,湖南
sh600156,华升股份,湖南
sz000428,华天酒店,湖南
sh600599,熊猫金控,湖南
sz002549,凯美特气,湖南
sz300015,爱尔眼科,湖南
sh600476,湘邮科技,湖南
sh600031,三一重工,湖南
sz000819,岳阳兴长,湖南
sz000908,景峰医药,湖南
sz002505,大康牧业,湖南
sz000748,长城信息,湖南
sz002761,多喜爱,湖南
sz002716,金贵银业,湖南
sh603883,老百姓,湖南
sh600698,湖南天雁,湖南
sz300358,楚天科技,湖南
sz000419,通程控股,湖南
sz002297,博云新材,湖南
sz300148,天舟文化,湖南
sz300267,尔康制药,湖南
sz002097,山河智能,湖南
sz000548,湖南投资,湖南
sz002452,长高集团,湖南
sz000590,启迪古汉,湖南
sz002096,南岭民爆,湖南
sz002125,湘潭电化,湖南
sh600479,千金药业,湖南
sh600257,大湖股份,湖南
sz002661,克明面业,湖南
sz300216,千山药机,湖南
sz000998,隆平高科,湖南
sz300490,华自科技,湖南
sh603998,方盛制药,湖南
sh600969,郴电国际,湖南
sz002251,"步 步 高",湖南
sz300298,三诺生物,湖南
sz002155,湖南黄金,湖南
sh600975,新五丰,湖南
sz000906,物产中拓,湖南
sz000917,电广传媒,湖南
sh601901,方正证券,湖南
sh600744,华银电力,湖南
sz300345,红宇新材,湖南
sz002533,金杯电工,湖南
sz300338,开元仪器,湖南
sz000989,"九 芝 堂",湖南
sz000722,湖南发展,湖南
sh600127,金健米业,湖南
sz300474,景嘉微,湖南
sz000900,现代投资,湖南
sh600961,株冶集团,湖南
sh603989,艾华集团,湖南
sz300413,快乐购,湖南
sh600478,科力远,湖南
sz000430,张家界,湖南
sz000932,华菱钢铁,湖南
sh600458,时代新材,湖南
sz002277,友阿股份,湖南
sz300123,太阳鸟,湖南
sz002397,梦洁家纺,湖南
sh600416,湘电股份,湖南
sz002650,加加食品,湖南
sh600963,岳阳林纸,湖南
sz000519,江南红箭,湖南
sz002113,天润控股,湖南
sz000702,正虹科技,湖南
sh603939,益丰药房,湖南
sz002772,众兴菌业,甘肃
sz002145,中核钛白,甘肃
sh600720,祁连山,甘肃
sh600192,长城电工,甘肃
sh600108,亚盛集团,甘肃
sz000552,靖远煤电,甘肃
sz300084,海默科技,甘肃
sz000981,银亿股份,甘肃
sz000791,甘肃电投,甘肃
sh600516,方大炭素,甘肃
sz000929,兰州黄河,甘肃
sh603999,读者传媒,甘肃
sh601798,蓝科高新,甘肃
sh600354,敦煌种业,甘肃
sh600687,刚泰控股,甘肃
sh603169,兰石重装,甘肃
sz000779,三毛派神,甘肃
sh603919,金徽酒,甘肃
sh600307,酒钢宏兴,甘肃
sz000672,上峰水泥,甘肃
sz002219,恒康医疗,甘肃
sz300021,大禹节水,甘肃
sz002185,华天科技,甘肃
sh600311,荣华实业,甘肃
sh600543,莫高股份,甘肃
sh600738,兰州民百,甘肃
sz002644,佛慈制药,甘肃
sz000671,"阳 光 城",福建
sz000701,厦门信达,福建
sz002110,三钢闽光,福建
sh603306,华懋科技,福建
sz002626,金达威,福建
sz002578,闽发铝业,福建
sz300198,纳川股份,福建
sz300132,青松股份,福建
sz002264,"新 华 都",福建
sz002752,昇兴股份,福建
sz002222,福晶科技,福建
sz002102,冠福股份,福建
sz000997,"新 大 陆",福建
sz300051,三五互联,福建
sz000547,航天发展,福建
sh600815,厦工股份,福建
sz002396,星网锐捷,福建
sz000663,永安林业,福建
sz002593,日上集团,福建
sh600549,厦门钨业,福建
sz000753,漳州发展,福建
sz002785,万里石,福建
sh601933,永辉超市,福建
sz002679,福建金森,福建
sz000632,三木集团,福建
sz300096,易联众,福建
sh603555,贵人鸟,福建
sz000536,华映科技,福建
sh600563,法拉电子,福建
sz000732,泰禾集团,福建
sz000797,中国武夷,福建
sh600057,象屿股份,福建
sz002093,国脉科技,福建
sh601899,紫金矿业,福建
sh603696,安记食品,福建
sz002098,浔兴股份,福建
sh600067,冠城大通,福建
sh600660,福耀玻璃,福建
sh600870,厦华电子,福建
sh600203,福日电子,福建
sz002702,海欣食品,福建
sz300341,麦迪电气,福建
sh600483,福能股份,福建
sz000993,闽东电力,福建
sh600163,中闽能源,福建
sz002417,三元达,福建
sh601166,兴业银行,福建
sh600493,凤竹纺织,福建
sz002729,好利来,福建
sz000526,银润投资,福建
sh603636,南威软件,福建
sh600573,惠泉啤酒,福建
sh600802,福建水泥,福建
sz002639,雪人股份,福建
sz300174,元力股份,福建
sz002335,科华恒盛,福建
sh600033,福建高速,福建
sz002674,兴业科技,福建
sz000905,厦门港务,福建
sz002788,鹭燕医药,福建
sh600388,龙净环保,福建
sz300102,乾照光电,福建
sz002529,海源机械,福建
sh600693,东百集团,福建
sh600711,盛屯矿业,福建
sz002229,鸿博股份,福建
sz002070,众和股份,福建
sz002300,太阳电缆,福建
sh600755,厦门国贸,福建
sh601377,兴业证券,福建
sh600436,片仔癀,福建
sz300299,富春通信,福建
sz002682,龙洲股份,福建
sz002029,"七 匹 狼",福建
sz000592,平潭发展,福建
sz002299,圣农发展,福建
sz002235,安妮股份,福建
sz002614,蒙发利,福建
sz300188,美亚柏科,福建
sz300062,中能电气,福建
sh600686,金龙汽车,福建
sz300436,广生堂,福建
sh600103,青山纸业,福建
sz002790,瑞尔特,福建
sz002228,合兴包装,福建
sh600153,建发股份,福建
sh601566,九牧王,福建
sh603686,龙马环卫,福建
sh600734,实达集团,福建
sh600592,龙溪股份,福建
sz002474,榕基软件,福建
sh603678,火炬电子,福建
sz002517,恺英网络,福建
sz002509,天广消防,福建
sh600897,厦门空港,福建
sz300056,三维丝,福建
sz300427,红相电力,福建
sz002398,建研集团,福建
sz002174,游族网络,福建
sh600773,西藏城投,西藏
sz000762,西藏矿业,西藏
sh600211,西藏药业,西藏
sz002287,奇正藏药,西藏
sh600749,西藏旅游,西藏
sh600338,西藏珠峰,西藏
sh600326,西藏天路,西藏
sz002653,海思科,西藏
sh601020,华钰矿业,西藏
sz000752,西藏发展,西藏
sh600873,梅花生物,西藏
sh603669,灵康药业,西藏
sz002424,贵州百灵,贵州
sh600765,中航重机,贵州
sh600594,益佰制药,贵州
sh600112,天成控股,贵州
sh600992,贵绳股份,贵州
sh600523,贵航股份,贵州
sz000920,南方汇通,贵州
sz002039,黔源电力,贵州
sz000589,黔轮胎Ａ,贵州
sz002390,信邦制药,贵州
sz000851,高鸿股份,贵州
sh600367,红星发展,贵州
sz002037,久联发展,贵州
sz000540,中天城投,贵州
sz000733,振华科技,贵州
sz002025,航天电器,贵州
sh600227,赤天化,贵州
sh600395,盘江股份,贵州
sh600519,贵州茅台,贵州
sz300288,朗玛信息,贵州
sz300405,科隆精化,辽宁
sz300202,聚龙股份,辽宁
sz000059,华锦股份,辽宁
sz002689,远大智能,辽宁
sh603399,新华龙,辽宁
sz002731,萃华珠宝,辽宁
sh600233,大杨创世,辽宁
sh603609,XD禾丰牧,辽宁
sh600593,大连圣亚,辽宁
sz000616,海航投资,辽宁
sh600396,金山股份,辽宁
sh600719,大连热电,辽宁
sz000898,鞍钢股份,辽宁
sh600739,辽宁成大,辽宁
sz300473,德尔股份,辽宁
sz300082,奥克股份,辽宁
sh600125,铁龙物流,辽宁
sz000715,中兴商业,辽宁
sz002204,大连重工,辽宁
sh600715,文投控股,辽宁
sh603866,桃李面包,辽宁
sh600795,国电电力,辽宁
sz000751,锌业股份,辽宁
sh600241,时代万恒,辽宁
sz000692,惠天热电,辽宁
sz000809,铁岭新城,辽宁
sz000585,东北电气,辽宁
sz002487,大金重工,辽宁
sh600167,联美控股,辽宁
sh600231,凌钢股份,辽宁
sh600303,曙光股份,辽宁
sz000410,沈阳机床,辽宁
sh600297,广汇汽车,辽宁
sh603315,福鞍股份,辽宁
sh600718,东软集团,辽宁
sz300024,机器人,辽宁
sh600694,大商股份,辽宁
sz000881,大连国际,辽宁
sz000597,东北制药,辽宁
sh600609,金杯汽车,辽宁
sz000698,沈阳化工,辽宁
sz000530,大冷股份,辽宁
sh600317,营口港,辽宁
sh601999,出版传媒,辽宁
sz000820,金城股份,辽宁
sz300293,蓝英装备,辽宁
sh600747,大连控股,辽宁
sh600190,锦州港,辽宁
sz002621,三垒股份,辽宁
sz002606,大连电瓷,辽宁
sz000761,本钢板材,辽宁
sz002231,奥维通信,辽宁
sh601880,大连港,辽宁
sh603318,派思股份,辽宁
sz300210,森远股份,辽宁
sz000679,大连友谊,辽宁
sz002447,壹桥海参,辽宁
sh600758,红阳能源,辽宁
sz002354,天神娱乐,辽宁
sz300125,易世达,辽宁
sz000638,万方发展,辽宁
sz300290,荣科科技,辽宁
sz300372,欣泰电气,辽宁
sh600399,抚顺特钢,辽宁
sz002123,荣信股份,辽宁
sz002667,鞍重股份,辽宁
sz300097,智云股份,辽宁
sz002220,天宝股份,辽宁
sz000818,方大化工,辽宁
sh601005,重庆钢铁,重庆
sz000514,"渝 开 发",重庆
sz002507,涪陵榨菜,重庆
sh603766,隆鑫通用,重庆
sh600877,中国嘉陵,重庆
sh601777,力帆股份,重庆
sz002742,三圣特材,重庆
sh601965,中国汽研,重庆
sz300122,智飞生物,重庆
sh600729,重庆百货,重庆
sz002558,世纪游轮,重庆
sz002765,蓝黛传动,重庆
sz001696,宗申动力,重庆
sh600292,远达环保,重庆
sz000591,太阳能,重庆
sz000565,渝三峡Ａ,重庆
sz300194,福安药业,重庆
sz300006,莱美药业,重庆
sh600452,涪陵电力,重庆
sh600565,迪马股份,重庆
sz000656,金科股份,重庆
sh600369,西南证券,重庆
sh600279,重庆港九,重庆
sh600132,重庆啤酒,重庆
sz000736,中房地产,重庆
sh600666,奥瑞德,重庆
sh600106,重庆路桥,重庆
sh603100,川仪股份,重庆
sz000688,建新矿业,重庆
sh600917,重庆燃气,重庆
sz300363,博腾股份,重庆
sz000892,星美联合,重庆
sz000625,长安汽车,重庆
sz300275,梅安森,重庆
sh600847,万里股份,重庆
sh600129,太极集团,重庆
sz002004,华邦健康,重庆
sh600116,三峡水利,重庆
sz000788,北大医药,重庆
sh603601,再升科技,重庆
sh601158,重庆水务,重庆
sh600706,曲江文旅,陕西
sh601179,中国西电,陕西
sz000768,中航飞机,陕西
sz000564,西安民生,陕西
sz000697,炼石有色,陕西
sh600302,标准股份,陕西
sh601225,陕西煤业,陕西
sh600217,秦岭水泥,陕西
sz000561,烽火电子,陕西
sh600893,中航动力,陕西
sz300140,启源装备,陕西
sh601958,金钼股份,陕西
sh601012,隆基股份,陕西
sz000837,秦川机床,陕西
sz300164,通源石油,陕西
sh600455,博通股份,陕西
sh600248,延长化建,陕西
sz300023,宝德股份,陕西
sz300397,天和防务,陕西
sh600831,广电网络,陕西
sz000516,国际医学,陕西
sz000610,西安旅游,陕西
sz000563,陕国投Ａ,陕西
sh600984,建设机械,陕西
sz000796,凯撒旅游,陕西
sz300103,达刚路机,陕西
sz002149,西部材料,陕西
sz300116,坚瑞消防,陕西
sz000721,西安饮食,陕西
sh600707,彩虹股份,陕西
sh600456,宝钛股份,陕西
sz002673,西部证券,陕西
sz000812,陕西金叶,陕西
sz300487,蓝晓科技,陕西
sh600379,宝光股份,陕西
sh601015,陕西黑猫,陕西
sz300114,中航电测,陕西
sz002267,陕天然气,陕西
sh601369,陕鼓动力,陕西
sh600080,金花股份,陕西
sh600343,航天动力,陕西
sh600243,青海华鼎,青海
sh600869,智慧能源,青海
sh600381,青海春天,青海
sz000792,盐湖股份,青海
sh601168,西部矿业,青海
sh600117,西宁特钢,青海
sh600714,金瑞矿业,青海
sh600771,广誉远,青海
sz002646,青青稞酒,青海
sh600829,人民同泰,黑龙江
sz000711,京蓝科技,黑龙江
sh601188,龙江交通,黑龙江
sz000985,大庆华科,黑龙江
sh600356,恒丰纸业,黑龙江
sh600864,哈投股份,黑龙江
sz002698,博实股份,黑龙江
sh601106,中国一重,黑龙江
sz300040,九洲电气,黑龙江
sh600664,哈药股份,黑龙江
sh600705,中航资本,黑龙江
sz300489,中飞股份,黑龙江
sz000587,金洲慈航,黑龙江
sz002437,誉衡药业,黑龙江
sh600726,华电能源,黑龙江
sh600178,东安动力,黑龙江
sh600891,秋林集团,黑龙江
sh600202,哈空调,黑龙江
sh603567,珍宝岛,黑龙江
sh600811,东方集团,黑龙江
sh603023,威帝股份,黑龙江
sh600853,龙建股份,黑龙江
sh600038,中直股份,黑龙江
sh600598,北大荒,黑龙江
sh600289,亿阳信通,黑龙江
sh601011,宝泰隆,黑龙江
sz002737,葵花药业,黑龙江
sh600182,S佳通,黑龙江
sh600371,万向德农,黑龙江
sh600187,国中水务,黑龙江
sz000922,佳电股份,黑龙江
sh600095,哈高科,黑龙江
sz000901,航天科技,黑龙江
